user_id,first_name,last_name,email,country,signup_at
1,Taylor,Martin,taylor.martin4516@example.com,DE,2026-01-12 21:19:10
2,Jordan,Fournier,jordan.fournier6922@example.com,ES,2026-01-02 13:01:46
3,Riley,Vincent,riley.vincent6883@example.com,NL,2026-01-11 16:49:54
4,Jamie,Garcia,jamie.garcia5584@example.com,FR,2026-01-14 11:44:36
5,Taylor,Michel,taylor.michel5645@example.com,PT,2026-01-30 07:23:30
6,Emerson,Thomas,emerson.thomas9054@example.com,NL,2026-01-15 05:34:38
7,Jordan,Bernard,jordan.bernard3743@example.com,NL,2026-01-15 01:09:41
8,Hayden,Michel,hayden.michel2674@example.com,IT,2026-01-18 23:17:31
9,Jordan,Morel,jordan.morel2813@example.com,FR,2026-01-26 22:19:05
10,Logan,Dubois,logan.dubois5323@example.com,FR,2026-01-03 17:10:20
11,Riley,Fournier,riley.fournier5165@example.com,BE,2026-01-11 07:43:40
12,Avery,Robert,avery.robert4050@example.com,PT,2026-01-28 06:02:28
13,Drew,Dubois,drew.dubois2276@example.com,NL,2026-01-25 17:38:28
14,Jamie,Garcia,jamie.garcia9781@example.com,PT,2026-01-04 02:00:54
15,Logan,Martin,logan.martin1886@example.com,FR,2026-01-27 01:36:56
16,Jamie,David,jamie.david63@example.com,ES,2026-01-13 18:52:13
17,Cameron,Roux,cameron.roux9987@example.com,ES,2026-01-10 15:44:53
18,Kai,Martin,kai.martin9823@example.com,FR,2026-01-16 17:40:09
19,Cameron,Dubois,cameron.dubois959@example.com,FR,2026-01-12 16:38:08
20,Jordan,Vincent,jordan.vincent2070@example.com,FR,2026-01-07 05:35:12
21,Quinn,Garcia,quinn.garcia3480@example.com,IT,2026-01-27 04:19:31
22,Drew,David,drew.david8489@example.com,FR,2026-01-22 22:01:10
23,Morgan,Fournier,morgan.fournier3618@example.com,FR,2026-01-01 08:22:40
24,Charlie,Thomas,charlie.thomas8433@example.com,ES,2026-01-12 13:17:43
25,Noah,Fournier,noah.fournier7754@example.com,FR,2026-01-12 19:06:44
26,Finley,Michel,finley.michel6949@example.com,DE,2026-01-20 22:58:07
27,Taylor,Bernard,taylor.bernard6606@example.com,FR,2026-01-17 11:18:58
28,Casey,Garcia,casey.garcia3016@example.com,FR,2026-01-14 12:31:43
29,Logan,Petit,logan.petit838@example.com,BE,2026-01-27 05:49:50
30,Jamie,Garcia,jamie.garcia7966@example.com,FR,2026-01-24 08:49:23
31,Emerson,Moreau,emerson.moreau7464@example.com,CH,2026-01-14 20:20:21
32,Jules,Robert,jules.robert3121@example.com,IT,2026-01-15 09:41:22
33,Charlie,Bernard,charlie.bernard831@example.com,ES,2026-01-29 08:36:58
34,Kai,Thomas,kai.thomas3054@example.com,FR,2026-01-04 07:49:59
35,Noah,Dubois,noah.dubois9495@example.com,DE,2026-01-29 20:39:54
36,Charlie,Moreau,charlie.moreau3356@example.com,DE,2026-01-16 06:03:02
37,Charlie,Thomas,charlie.thomas162@example.com,FR,2026-01-23 05:56:28
38,Kai,Moreau,kai.moreau2180@example.com,FR,2026-01-17 22:37:29
39,Logan,Laurent,logan.laurent8676@example.com,GB,2026-01-01 09:06:52
40,Casey,Moreau,casey.moreau1901@example.com,FR,2026-01-06 04:42:21
41,Charlie,Durand,charlie.durand4335@example.com,NL,2026-01-25 12:50:39
42,Finley,Moreau,finley.moreau732@example.com,GB,2026-01-01 04:07:51
43,Hayden,Vincent,hayden.vincent7017@example.com,BE,
44,Logan,Bernard,logan.bernard6059@example.com,FR,2026-01-29 06:40:22
45,Sam,Michel,sam.michel3451@example.com,ES,2026-01-13 02:43:23
46,Quinn,Robert,quinn.robert3888@example.com,BE,2026-01-08 21:19:41
47,Charlie,Garcia,charlie.garcia4075@example.com,PT,2026-01-13 22:51:04
48,Jules,Dubois,jules.dubois3279@example.com,BE,2026-01-23 08:17:31
49,Riley,Lefevre,riley.lefevre5388@example.com,FR,2026-01-14 12:35:45
50,Emerson,Vincent,emerson.vincent5435@example.com,FR,2026-01-02 08:09:25
51,Avery,Bernard,avery.bernard1786@example.com,FR,2026-01-29 23:03:21
52,Kai,Petit,kai.petit6321@example.com,PT,2026-01-28 23:46:25
53,Logan,Durand,logan.durand5977@example.com,FR,2026-01-21 22:29:52
54,Taylor,Laurent,taylor.laurent8318@example.com,DE,2026-01-16 00:20:33
55,Riley,Garcia,riley.garcia6221@example.com,ES,2026-01-09 10:45:23
56,Cameron,Durand,cameron.durand7053@example.com,PT,2026-01-29 03:43:52
57,Kai,Bertrand,kai.bertrand2790@example.com,DE,2026-01-05 02:47:38
58,Morgan,Laurent,morgan.laurent3690@example.com,IE,2026-01-10 16:00:11
59,Jordan,David,jordan.david6800@example.com,PT,2026-01-31 13:43:47
60,Casey,Martin,casey.martin1756@example.com,DE,2026-01-21 15:19:52
61,Logan,Dubois,logan.dubois1998@example.com,ES,2026-01-23 03:48:59
62,Charlie,David,charlie.david8280@example.com,BE,2026-01-21 17:11:20
63,Jules,David,jules.david4256@example.com,IT,2026-01-13 00:03:18
64,Morgan,Moreau,morgan.moreau7216@example.com,FR,2026-01-04 18:16:28
65,Jordan,Robert,jordan.robert2481@example.com,FR,2026-01-12 05:26:20
66,Charlie,Vincent,charlie.vincent7643@example.com,PT,2026-01-21 04:24:43
67,Alex,Fournier,alex.fournier6242@example.com,IT,
68,Finley,Vincent,finley.vincent8957@example.com,FR,2026-01-30 06:50:24
69,Emerson,Simon,emerson.simon6634@example.com,IE,2026-01-09 00:17:27
70,Emerson,Fournier,emerson.fournier9256@example.com,NL,2026-01-02 07:34:34
71,Avery,Lefevre,avery.lefevre5373@example.com,BE,2026-01-11 06:36:07
72,Finley,Moreau,finley.moreau1351@example.com,CH,2026-01-23 19:56:49
73,Jordan,Bernard,jordan.bernard518@example.com,FR,2026-01-13 00:06:21
74,Taylor,Fournier,taylor.fournier3581@example.com,FR,2026-01-23 13:48:13
75,Taylor,Richard,taylor.richard5106@example.com,ES,2026-01-06 05:56:39
76,Emerson,Lefevre,emerson.lefevre3259@example.com,FR,2026-01-04 16:32:32
77,Cameron,Morel,cameron.morel1993@example.com,PT,2026-01-28 11:21:33
78,Kai,Simon,kai.simon217@example.com,GB,2026-01-21 09:24:14
79,Hayden,Robert,hayden.robert7145@example.com,FR,2026-01-09 13:12:51
80,Logan,Bertrand,logan.bertrand7626@example.com,FR,2026-01-22 03:28:51
81,Jordan,Moreau,jordan.moreau7395@example.com,DE,2026-01-12 20:07:17
82,Jules,Simon,jules.simon2989@example.com,FR,2026-01-24 16:02:12
83,Avery,Vincent,avery.vincent176@example.com,IT,2026-01-26 01:54:51
84,Morgan,Bertrand,morgan.bertrand8051@example.com,FR,2026-01-22 18:09:40
85,Cameron,Fournier,cameron.fournier6056@example.com,CH,2026-01-23 23:23:18
86,Drew,David,drew.david4448@example.com,FR,2026-01-15 21:14:30
87,Logan,Richard,logan.richard3148@example.com,ES,2026-01-11 12:06:22
88,Quinn,Laurent,quinn.laurent1657@example.com,FR,2026-01-10 10:09:48
89,Casey,Moreau,casey.moreau755@example.com,FR,2026-01-03 15:31:38
90,Jules,Petit,jules.petit210@example.com,FR,2026-01-28 20:49:59
91,Avery,Bertrand,avery.bertrand1879@example.com,DE,2026-01-04 04:07:50
92,Casey,Fournier,casey.fournier4988@example.com,IT,2026-01-05 03:14:34
93,Quinn,Dubois,quinn.dubois8571@example.com,NL,2026-01-19 11:10:21
94,Cameron,Fournier,cameron.fournier996@example.com,IT,2026-01-30 14:16:17
95,Avery,Thomas,avery.thomas2583@example.com,FR,2026-01-12 15:27:47
96,Quinn,Bertrand,quinn.bertrand4781@example.com,IT,2026-01-02 14:01:41
97,Morgan,Moreau,morgan.moreau9673@example.com,DE,2026-01-10 14:28:33
98,Casey,Thomas,casey.thomas987@example.com,NL,2026-01-09 01:18:50
99,Hayden,Petit,hayden.petit7689@example.com,ES,2026-01-15 18:17:30
100,Jordan,Morel,jordan.morel663@example.com,FR,2026-01-21 23:20:59
101,Noah,Fournier,noah.fournier349@example.com,FR,2026-01-14 02:00:11
102,Hayden,Moreau,hayden.moreau2983@example.com,GB,2026-01-29 09:57:30
103,Finley,Simon,finley.simon5270@example.com,DE,2026-01-06 01:52:03
104,Emerson,Vincent,emerson.vincent611@example.com,FR,2026-01-23 01:54:38
105,Kai,Martin,kai.martin8899@example.com,FR,2026-01-23 10:14:29
106,Hayden,Bernard,hayden.bernard3345@example.com,PT,2026-01-13 23:08:35
107,Taylor,Martin,taylor.martin9985@example.com,FR,2026-01-12 14:48:06
108,Morgan,Petit,morgan.petit7570@example.com,GB,2026-01-06 16:51:28
109,Avery,Garcia,avery.garcia7915@example.com,PT,2026-01-23 22:10:33
110,Kai,Robert,kai.robert1153@example.com,FR,2026-01-14 09:51:05
111,Avery,Martin,avery.martin4644@example.com,DE,2026-01-15 11:50:33
112,Hayden,Vincent,hayden.vincent7945@example.com,FR,2026-01-17 18:05:54
113,Riley,Dubois,riley.dubois9378@example.com,FR,2026-01-19 14:11:36
114,Emerson,Lefevre,emerson.lefevre2502@example.com,GB,2026-01-25 01:05:58
115,Taylor,David,taylor.david1643@example.com,FR,2026-01-26 12:46:38
116,Casey,Thomas,casey.thomas7702@example.com,DE,2026-01-13 20:46:26
117,Logan,Lefevre,logan.lefevre5198@example.com,BE,2026-01-31 10:16:26
118,Jordan,Dubois,jordan.dubois4718@example.com,FR,2026-01-12 01:02:26
119,Taylor,David,taylor.david2735@example.com,IT,2026-01-15 12:54:11
120,Drew,Garcia,drew.garcia2395@example.com,IT,2026-01-12 20:30:38
121,Jordan,Morel,jordan.morel6277@example.com,ES,2026-01-31 02:00:53
122,Avery,David,avery.david4193@example.com,FR,2026-01-01 10:56:55
123,Jordan,David,jordan.david5671@example.com,DE,2026-01-29 12:34:14
124,Cameron,Durand,cameron.durand6312@example.com,FR,2026-01-24 10:58:41
125,Cameron,Martin,cameron.martin6494@example.com,IT,
126,Quinn,Bertrand,quinn.bertrand4699@example.com,DE,2026-01-12 04:06:26
127,Casey,Petit,casey.petit655@example.com,FR,2026-01-15 23:55:58
128,Cameron,Simon,cameron.simon6817@example.com,BE,2026-01-09 12:38:07
129,Kai,Moreau,kai.moreau2705@example.com,GB,2026-01-13 11:23:30
130,Charlie,Petit,charlie.petit7683@example.com,NL,2026-01-04 15:43:48
131,Emerson,Vincent,emerson.vincent6002@example.com,ES,2026-01-05 09:12:37
132,Avery,Fournier,avery.fournier6252@example.com,FR,2026-01-31 23:57:49
133,Logan,Simon,logan.simon3636@example.com,IT,2026-01-04 01:39:11
134,Taylor,Robert,taylor.robert752@example.com,FR,2026-01-02 19:21:18
135,Casey,Lefevre,casey.lefevre7442@example.com,GB,2026-01-19 00:15:35
136,Casey,Garcia,casey.garcia1632@example.com,FR,2026-01-24 18:07:50
137,Riley,David,riley.david7295@example.com,DE,2026-01-12 11:05:28
138,Drew,Bernard,drew.bernard6533@example.com,NL,2026-01-14 09:25:30
139,Riley,Morel,riley.morel359@example.com,FR,2026-01-03 10:55:41
140,Jordan,Vincent,jordan.vincent3404@example.com,FR,2026-01-29 11:11:08
141,Quinn,Martin,quinn.martin4552@example.com,IT,2026-01-08 00:34:25
142,Alex,Robert,alex.robert253@example.com,FR,2026-01-18 09:22:57
143,Sam,Robert,sam.robert6907@example.com,PT,2026-01-26 12:56:02
144,Noah,Petit,noah.petit7415@example.com,IT,2026-01-25 11:00:52
145,Kai,Laurent,kai.laurent7514@example.com,PT,2026-01-02 12:17:35
146,Jules,David,jules.david1214@example.com,FR,2026-01-04 22:07:39
147,Noah,Vincent,noah.vincent5337@example.com,PT,2026-01-19 11:47:08
148,Taylor,Petit,taylor.petit9043@example.com,PT,2026-01-11 10:31:12
149,Emerson,Garcia,emerson.garcia1567@example.com,FR,2026-01-16 04:08:42
150,Jules,Thomas,jules.thomas1504@example.com,IT,2026-01-05 03:27:24
151,Logan,Bernard,logan.bernard9618@example.com,PT,2026-01-28 06:17:44
152,Finley,Bernard,finley.bernard4722@example.com,ES,2026-01-30 03:31:42
153,Jules,Dubois,jules.dubois1783@example.com,IT,2026-01-17 23:54:44
154,Finley,Vincent,finley.vincent9131@example.com,DE,2026-01-02 06:35:16
155,Avery,Laurent,avery.laurent5577@example.com,ES,
156,Casey,Martin,casey.martin1513@example.com,FR,2026-01-26 18:03:25
157,Charlie,Fournier,charlie.fournier9778@example.com,IT,2026-01-05 02:58:55
158,Jordan,Moreau,jordan.moreau7269@example.com,FR,2026-01-21 14:00:46
159,Taylor,Michel,taylor.michel7053@example.com,PT,2026-01-06 09:11:45
160,Sam,Dubois,sam.dubois6485@example.com,GB,2026-01-30 02:15:51
161,Avery,Laurent,avery.laurent5385@example.com,FR,
162,Morgan,Roux,morgan.roux9164@example.com,FR,2026-01-18 04:38:04
163,Jordan,Simon,jordan.simon9443@example.com,PT,2026-01-21 20:09:08
164,Alex,Simon,alex.simon2825@example.com,FR,2026-01-31 00:10:05
165,Taylor,Dubois,taylor.dubois7148@example.com,BE,2026-01-29 14:05:05
166,Morgan,Simon,morgan.simon2764@example.com,ES,2026-01-04 16:59:18
167,Drew,Michel,drew.michel2429@example.com,FR,2026-01-12 11:16:23
168,Jordan,Richard,jordan.richard8105@example.com,PT,2026-01-23 12:32:40
169,Noah,Morel,noah.morel5305@example.com,PT,2026-01-31 10:45:40
170,Avery,Fournier,avery.fournier930@example.com,PT,2026-01-18 02:02:32
171,Cameron,Thomas,cameron.thomas1489@example.com,ES,2026-01-30 20:32:12
172,Sam,David,sam.david9376@example.com,FR,2026-01-10 03:18:53
173,Taylor,Simon,taylor.simon1391@example.com,IT,2026-01-25 11:50:31
174,Kai,Roux,kai.roux2610@example.com,PT,2026-01-18 15:58:18
175,Quinn,Bernard,quinn.bernard5492@example.com,PT,2026-01-04 04:47:34
176,Quinn,Robert,quinn.robert5471@example.com,FR,2026-01-04 22:57:24
177,Emerson,Robert,emerson.robert9759@example.com,IT,2026-01-05 02:42:17
178,Kai,Thomas,kai.thomas6947@example.com,FR,2026-01-25 16:25:55
179,Jules,Durand,jules.durand3721@example.com,IT,2026-01-07 16:16:30
180,Logan,Roux,logan.roux628@example.com,ES,2026-01-17 08:21:32
181,Jamie,Morel,jamie.morel2722@example.com,IT,2026-01-22 05:55:35
182,Quinn,Laurent,quinn.laurent7365@example.com,NL,2026-01-12 08:37:59
183,Riley,Michel,riley.michel9355@example.com,PT,2026-01-22 09:19:59
184,Jamie,Durand,jamie.durand9916@example.com,PT,2026-01-07 17:14:45
185,Taylor,Roux,taylor.roux2052@example.com,PT,2026-01-14 20:07:20
186,Finley,Thomas,finley.thomas3647@example.com,PT,2026-01-22 21:36:07
187,Drew,Dubois,drew.dubois6336@example.com,GB,2026-01-04 23:04:38
188,Charlie,Robert,charlie.robert2264@example.com,DE,2026-01-02 20:37:35
189,Jules,David,jules.david96@example.com,FR,2026-01-04 20:18:16
190,Quinn,Roux,quinn.roux6944@example.com,FR,2026-01-06 09:32:31
191,Quinn,David,quinn.david1039@example.com,ES,2026-01-06 09:09:31
192,Noah,Dubois,noah.dubois2362@example.com,FR,2026-01-15 03:21:23
193,Jordan,Roux,jordan.roux5918@example.com,IT,2026-01-04 06:51:07
194,Alex,Lefevre,alex.lefevre7712@example.com,FR,2026-01-03 02:43:16
195,Jordan,Michel,jordan.michel3960@example.com,IT,2026-01-31 11:58:20
196,Drew,Vincent,drew.vincent5556@example.com,IE,2026-01-09 11:59:37
197,Jamie,Robert,jamie.robert1043@example.com,IT,2026-01-23 05:14:07
198,Charlie,Laurent,charlie.laurent8454@example.com,FR,2026-01-20 07:57:52
199,Riley,Laurent,riley.laurent5858@example.com,FR,2026-01-03 07:41:44
200,Emerson,David,emerson.david6344@example.com,PT,2026-01-17 11:00:22
201,Kai,Moreau,kai.moreau1363@example.com,NL,2026-01-21 14:34:40
202,Charlie,Petit,charlie.petit1321@example.com,DE,2026-01-16 22:03:15
203,Hayden,Michel,hayden.michel7335@example.com,DE,2026-01-03 01:20:50
204,Sam,Thomas,sam.thomas6665@example.com,FR,2026-01-18 15:17:17
205,Quinn,David,quinn.david580@example.com,FR,2026-01-07 03:04:07
206,Noah,Bernard,noah.bernard9923@example.com,FR,2026-01-08 10:46:06
207,Noah,Robert,noah.robert8684@example.com,FR,2026-01-18 19:31:39
208,Jamie,Bertrand,jamie.bertrand8492@example.com,IT,2026-01-19 18:52:22
209,Riley,Morel,riley.morel4688@example.com,FR,2026-01-24 20:17:22
210,Hayden,Thomas,hayden.thomas5246@example.com,FR,2026-01-17 20:46:47
211,Jamie,Richard,jamie.richard5932@example.com,IT,2026-01-25 16:44:36
212,Jules,Martin,jules.martin5922@example.com,IE,2026-01-27 21:28:54
213,Jordan,Thomas,jordan.thomas5077@example.com,ES,2026-01-20 07:53:23
214,Noah,Thomas,noah.thomas2063@example.com,DE,2026-01-16 09:21:50
215,Logan,Fournier,logan.fournier2991@example.com,FR,2026-01-07 06:20:03
216,Casey,Laurent,casey.laurent2707@example.com,FR,2026-01-08 20:42:18
217,Cameron,Thomas,cameron.thomas4115@example.com,FR,2026-01-10 12:42:29
218,Logan,Thomas,logan.thomas8244@example.com,FR,2026-01-09 04:28:30
219,Quinn,Simon,quinn.simon9244@example.com,FR,2026-01-02 23:59:41
220,Noah,Moreau,noah.moreau3463@example.com,PT,2026-01-28 18:35:17
221,Cameron,Laurent,cameron.laurent7922@example.com,FR,2026-01-12 21:18:12
222,Sam,Richard,sam.richard7212@example.com,DE,2026-01-21 04:14:03
223,Charlie,Michel,charlie.michel6542@example.com,FR,2026-01-07 08:21:12
224,Taylor,Moreau,taylor.moreau7376@example.com,GB,2026-01-13 00:50:47
225,Finley,Dubois,finley.dubois2626@example.com,FR,2026-01-16 21:29:25
226,Kai,David,kai.david8181@example.com,PT,2026-01-15 23:28:32
227,Morgan,Durand,morgan.durand9567@example.com,ES,2026-01-18 03:09:09
228,Jules,Laurent,jules.laurent8803@example.com,BE,2026-01-01 09:31:38
229,Emerson,Michel,emerson.michel751@example.com,FR,2026-01-20 10:42:41
230,Emerson,Roux,emerson.roux7388@example.com,DE,2026-01-27 16:37:47
231,Taylor,Lefevre,taylor.lefevre6124@example.com,FR,2026-01-17 11:03:46
232,Emerson,Roux,emerson.roux669@example.com,NL,2026-01-03 04:46:56
233,Casey,Morel,casey.morel8456@example.com,FR,2026-01-07 18:51:23
234,Cameron,Fournier,cameron.fournier5521@example.com,IT,2026-01-25 15:03:53
235,Alex,Michel,alex.michel5437@example.com,IT,2026-01-06 07:41:54
236,Alex,Morel,alex.morel7785@example.com,IT,2026-01-13 21:21:55
237,Sam,Fournier,sam.fournier7881@example.com,IT,2026-01-09 06:39:39
238,Morgan,Bernard,morgan.bernard9390@example.com,PT,2026-01-06 08:02:15
239,Riley,Garcia,riley.garcia8231@example.com,IT,2026-01-30 16:25:24
240,Casey,Roux,casey.roux3407@example.com,ES,2026-01-28 05:28:49
241,Jamie,David,jamie.david8744@example.com,NL,2026-01-17 14:50:23
242,Avery,Morel,avery.morel7942@example.com,FR,2026-01-10 08:00:14
243,Cameron,Laurent,cameron.laurent3406@example.com,GB,2026-01-24 17:43:47
244,Avery,Laurent,avery.laurent2006@example.com,IE,2026-01-28 20:08:56
245,Casey,Laurent,casey.laurent699@example.com,BE,2026-01-14 23:06:49
246,Jules,Durand,jules.durand3320@example.com,FR,2026-01-27 03:29:19
247,Noah,Dubois,noah.dubois3982@example.com,DE,2026-01-03 11:08:45
248,Finley,Simon,finley.simon7749@example.com,GB,2026-01-05 21:08:35
249,Jamie,Garcia,jamie.garcia7803@example.com,FR,2026-01-24 04:16:04
250,Sam,Thomas,sam.thomas9416@example.com,GB,2026-01-12 06:33:22
251,Jamie,Garcia,jamie.garcia2890@example.com,PT,2026-01-02 18:20:20
252,Cameron,Bernard,cameron.bernard161@example.com,IE,2026-01-15 11:39:07
253,Logan,Roux,logan.roux8102@example.com,FR,2026-01-07 12:21:15
254,Jamie,David,jamie.david4225@example.com,FR,2026-01-10 00:56:15
255,Riley,Richard,riley.richard6653@example.com,DE,2026-01-21 18:18:37
256,Casey,Bertrand,casey.bertrand5311@example.com,PT,
257,Charlie,Laurent,charlie.laurent9553@example.com,DE,2026-01-28 19:27:01
258,Taylor,David,taylor.david5036@example.com,BE,2026-01-08 18:05:00
259,Cameron,Petit,cameron.petit4843@example.com,FR,2026-01-18 20:13:10
260,Quinn,Michel,quinn.michel6823@example.com,NL,2026-01-27 15:54:16
261,Morgan,Morel,morgan.morel1351@example.com,FR,2026-01-26 12:15:34
262,Sam,Vincent,sam.vincent8291@example.com,FR,2026-01-10 19:31:46
263,Taylor,Durand,taylor.durand9564@example.com,NL,2026-01-24 17:31:33
264,Kai,Garcia,kai.garcia7494@example.com,NL,2026-01-28 09:00:14
265,Emerson,Moreau,emerson.moreau59@example.com,FR,2026-01-11 13:52:24
266,Sam,Thomas,sam.thomas7744@example.com,FR,2026-01-02 12:58:25
267,Finley,Michel,finley.michel6276@example.com,FR,2026-01-22 18:35:01
268,Logan,Robert,logan.robert5707@example.com,ES,2026-01-06 18:13:03
269,Morgan,Martin,morgan.martin382@example.com,PT,2026-01-15 11:37:05
270,Morgan,Dubois,morgan.dubois7556@example.com,BE,2026-01-17 19:18:19
271,Sam,Garcia,sam.garcia266@example.com,FR,2026-01-12 16:23:47
272,Sam,Dubois,sam.dubois734@example.com,IT,2026-01-20 12:40:23
273,Casey,Roux,casey.roux4749@example.com,FR,2026-01-12 08:49:04
274,Charlie,Dubois,charlie.dubois4954@example.com,PT,2026-01-07 22:54:37
275,Logan,Fournier,logan.fournier2879@example.com,FR,2026-01-31 09:20:05
276,Emerson,Roux,emerson.roux5232@example.com,FR,2026-01-21 05:03:12
277,Morgan,Dubois,morgan.dubois4937@example.com,ES,2026-01-08 00:10:55
278,Logan,Roux,logan.roux2206@example.com,DE,2026-01-19 20:32:27
279,Drew,Thomas,drew.thomas8785@example.com,DE,2026-01-10 05:55:37
280,Jordan,Durand,jordan.durand9636@example.com,BE,2026-01-28 03:06:28
281,Alex,Durand,alex.durand3123@example.com,BE,2026-01-06 16:40:59
282,Riley,Lefevre,riley.lefevre3931@example.com,PT,2026-01-27 19:13:08
283,Cameron,Moreau,cameron.moreau5902@example.com,NL,2026-01-25 21:28:28
284,Charlie,Durand,charlie.durand6083@example.com,FR,2026-01-16 04:34:50
285,Avery,Vincent,avery.vincent9578@example.com,FR,2026-01-29 02:45:01
286,Noah,Dubois,noah.dubois8190@example.com,FR,2026-01-27 17:32:42
287,Jules,David,jules.david2766@example.com,PT,2026-01-18 02:18:53
288,Logan,Bernard,logan.bernard8594@example.com,NL,2026-01-02 15:24:27
289,Alex,Garcia,alex.garcia2262@example.com,FR,2026-01-31 14:49:14
290,Drew,Bernard,drew.bernard7926@example.com,PT,2026-01-24 16:23:29
291,Avery,Vincent,avery.vincent4707@example.com,PT,2026-01-01 19:58:21
292,Jamie,Petit,jamie.petit1588@example.com,ES,2026-01-26 10:57:11
293,Avery,Lefevre,avery.lefevre1304@example.com,FR,2026-01-19 02:38:11
294,Cameron,Thomas,cameron.thomas529@example.com,PT,2026-01-05 12:56:09
295,Jamie,Thomas,jamie.thomas8199@example.com,GB,2026-01-22 01:32:28
296,Kai,Bernard,kai.bernard3774@example.com,ES,2026-01-11 06:19:07
297,Jordan,Moreau,jordan.moreau8907@example.com,NL,2026-01-28 08:32:11
298,Riley,Fournier,riley.fournier2372@example.com,ES,2026-01-20 08:02:54
299,Emerson,Vincent,emerson.vincent5445@example.com,IE,2026-01-19 15:12:47
300,Kai,Michel,kai.michel889@example.com,FR,2026-01-05 17:48:43
301,Quinn,Lefevre,quinn.lefevre5357@example.com,PT,2026-01-02 10:30:59
302,Logan,Lefevre,logan.lefevre7085@example.com,FR,2026-01-10 00:24:00
303,Morgan,Thomas,morgan.thomas1354@example.com,DE,2026-01-14 00:12:36
304,Charlie,Michel,charlie.michel1755@example.com,FR,
305,Casey,Thomas,casey.thomas3080@example.com,PT,2026-01-21 22:07:39
306,Drew,Vincent,drew.vincent1534@example.com,PT,2026-01-29 23:28:03
307,Emerson,Thomas,emerson.thomas9177@example.com,PT,2026-01-12 18:48:55
308,Cameron,Moreau,cameron.moreau8089@example.com,PT,2026-01-08 02:01:35
309,Jordan,Michel,jordan.michel4133@example.com,DE,2026-01-12 23:17:53
310,Casey,Laurent,casey.laurent120@example.com,NL,2026-01-20 05:00:52
311,Charlie,Garcia,charlie.garcia9748@example.com,DE,2026-01-07 14:35:47
312,Jamie,Lefevre,jamie.lefevre5238@example.com,GB,2026-01-15 03:33:42
313,Charlie,Lefevre,charlie.lefevre4602@example.com,FR,2026-01-20 01:48:09
314,Jamie,Vincent,jamie.vincent450@example.com,IT,2026-01-23 09:49:43
315,Jordan,Garcia,jordan.garcia8190@example.com,DE,2026-01-07 18:09:19
316,Emerson,Thomas,emerson.thomas7367@example.com,ES,2026-01-30 00:38:36
317,Finley,Vincent,finley.vincent612@example.com,ES,2026-01-18 10:52:55
318,Taylor,Dubois,taylor.dubois5826@example.com,IE,2026-01-09 01:47:54
319,Emerson,Simon,emerson.simon7062@example.com,ES,2026-01-06 03:26:03
320,Noah,Fournier,noah.fournier3631@example.com,DE,2026-01-22 15:22:10
321,Casey,Michel,casey.michel412@example.com,GB,2026-01-24 10:28:08
322,Casey,Michel,casey.michel5120@example.com,PT,2026-01-17 15:42:05
323,Hayden,David,hayden.david5235@example.com,FR,2026-01-04 06:15:49
324,Taylor,Richard,taylor.richard4006@example.com,ES,2026-01-26 01:10:35
325,Morgan,Lefevre,morgan.lefevre3032@example.com,FR,2026-01-10 01:09:23
326,Riley,David,riley.david9712@example.com,FR,2026-01-21 20:27:55
327,Jordan,Fournier,jordan.fournier1677@example.com,PT,2026-01-27 01:31:15
328,Jules,Roux,jules.roux5144@example.com,FR,2026-01-29 23:31:17
329,Hayden,Morel,hayden.morel2836@example.com,DE,2026-01-15 10:32:54
330,Morgan,Laurent,morgan.laurent1926@example.com,PT,2026-01-09 21:15:44
331,Noah,Lefevre,noah.lefevre6941@example.com,BE,2026-01-10 00:25:07
332,Jamie,Vincent,jamie.vincent2743@example.com,NL,2026-01-24 18:28:27
333,Drew,Martin,drew.martin7949@example.com,ES,2026-01-07 15:04:28
334,Finley,Bertrand,finley.bertrand6819@example.com,FR,2026-01-22 13:07:29
335,Cameron,Bernard,cameron.bernard4513@example.com,PT,2026-01-11 21:57:41
336,Jules,Vincent,jules.vincent8379@example.com,ES,2026-01-06 11:54:01
337,Logan,Bernard,logan.bernard7241@example.com,IT,2026-01-27 12:32:51
338,Morgan,Laurent,morgan.laurent538@example.com,FR,2026-01-22 19:58:34
339,Taylor,Dubois,taylor.dubois3448@example.com,DE,2026-01-29 12:58:51
340,Quinn,Robert,quinn.robert3395@example.com,ES,2026-01-11 01:06:20
341,Jamie,Simon,jamie.simon4804@example.com,ES,2026-01-15 01:05:51
342,Taylor,Robert,taylor.robert6753@example.com,FR,2026-01-03 21:04:23
343,Morgan,Robert,morgan.robert5287@example.com,PT,2026-01-13 00:25:19
344,Avery,Garcia,avery.garcia6156@example.com,IT,2026-01-22 22:36:30
345,Avery,Michel,,IT,2026-01-24 16:36:46
346,Hayden,Michel,hayden.michel1047@example.com,NL,2026-01-26 22:38:58
347,Charlie,Laurent,charlie.laurent5543@example.com,PT,2026-01-27 13:39:46
348,Sam,Bernard,sam.bernard1641@example.com,FR,2026-01-31 09:33:07
349,Hayden,David,hayden.david21@example.com,FR,2026-01-21 18:25:20
350,Jamie,Moreau,jamie.moreau1539@example.com,BE,2026-01-18 11:56:15
351,Emerson,Laurent,emerson.laurent3846@example.com,FR,2026-01-21 20:05:25
352,Casey,Fournier,,DE,2026-01-26 05:11:47
353,Finley,Robert,finley.robert7836@example.com,NL,2026-01-04 10:31:15
354,Drew,Laurent,drew.laurent2256@example.com,FR,2026-01-19 13:54:08
355,Casey,Thomas,casey.thomas8701@example.com,PT,
356,Casey,Garcia,casey.garcia7258@example.com,IT,2026-01-11 13:06:30
357,Emerson,Michel,emerson.michel7045@example.com,DE,2026-01-16 06:25:23
358,Quinn,Morel,quinn.morel9964@example.com,NL,2026-01-14 19:57:24
359,Cameron,Durand,cameron.durand8492@example.com,FR,2026-01-30 11:07:15
360,Morgan,Bertrand,morgan.bertrand6332@example.com,FR,2026-01-06 11:21:21
361,Alex,Michel,alex.michel5195@example.com,PT,2026-01-07 09:46:16
362,Jamie,Bertrand,jamie.bertrand1205@example.com,FR,2026-01-01 19:26:40
363,Emerson,Roux,emerson.roux4703@example.com,PT,2026-01-31 12:20:16
364,Logan,Vincent,logan.vincent2511@example.com,BE,2026-01-14 11:16:24
365,Casey,Vincent,casey.vincent5363@example.com,DE,2026-01-19 23:14:06
366,Cameron,Garcia,cameron.garcia3919@example.com,FR,2026-01-03 19:27:55
367,Sam,Laurent,sam.laurent2887@example.com,FR,2026-01-06 19:09:40
368,Drew,Roux,drew.roux8484@example.com,IT,2026-01-13 14:02:40
369,Taylor,Martin,taylor.martin5498@example.com,IT,2026-01-21 20:11:57
370,Jordan,Bertrand,jordan.bertrand7467@example.com,ES,2026-01-25 19:06:14
371,Avery,Petit,avery.petit9412@example.com,FR,2026-01-06 14:22:24
372,Morgan,Bernard,morgan.bernard7739@example.com,GB,2026-01-18 16:03:48
373,Logan,Garcia,logan.garcia3688@example.com,FR,2026-01-16 14:55:35
374,Noah,Michel,noah.michel1966@example.com,FR,2026-01-25 08:55:12
375,Sam,Lefevre,sam.lefevre1139@example.com,FR,2026-01-23 13:52:26
376,Hayden,Martin,hayden.martin6054@example.com,IT,2026-01-10 17:47:55
377,Drew,Fournier,drew.fournier8093@example.com,IT,2026-01-10 11:41:01
378,Finley,Martin,finley.martin3827@example.com,BE,2026-01-27 06:56:45
379,Alex,Lefevre,alex.lefevre5048@example.com,PT,2026-01-06 01:06:33
380,Casey,Moreau,casey.moreau1534@example.com,ES,2026-01-03 03:08:51
381,Drew,David,drew.david1401@example.com,NL,2026-01-29 04:38:48
382,Noah,Bernard,noah.bernard7136@example.com,FR,2026-01-07 08:17:10
383,Charlie,Simon,charlie.simon7427@example.com,FR,2026-01-14 04:51:05
384,Taylor,Robert,taylor.robert1741@example.com,FR,2026-01-08 23:30:38
385,Riley,David,riley.david5061@example.com,FR,2026-01-23 11:50:16
386,Quinn,Bernard,quinn.bernard3532@example.com,GB,2026-01-16 21:54:26
387,Sam,Laurent,sam.laurent4272@example.com,PT,2026-01-09 10:34:14
388,Morgan,Petit,morgan.petit7580@example.com,FR,2026-01-05 22:43:50
389,Morgan,Robert,morgan.robert3256@example.com,DE,2026-01-20 10:42:41
390,Avery,Thomas,avery.thomas367@example.com,NL,2026-01-04 03:06:55
391,Charlie,Petit,charlie.petit709@example.com,PT,2026-01-23 09:05:52
392,Jules,Martin,jules.martin6280@example.com,FR,2026-01-21 17:05:58
393,Casey,Bernard,casey.bernard4036@example.com,PT,2026-01-15 07:49:20
394,Emerson,Robert,emerson.robert6878@example.com,FR,2026-01-10 16:23:06
395,Logan,Martin,logan.martin6276@example.com,FR,2026-01-18 10:23:45
396,Charlie,Lefevre,charlie.lefevre4440@example.com,FR,2026-01-09 17:30:02
397,Avery,Bernard,avery.bernard7738@example.com,FR,2026-01-26 16:49:59
398,Morgan,Dubois,morgan.dubois4376@example.com,FR,2026-01-26 21:47:36
399,Morgan,Fournier,morgan.fournier6373@example.com,FR,2026-01-18 05:22:38
400,Charlie,Michel,charlie.michel9702@example.com,ES,2026-01-02 08:51:46
401,Riley,Bertrand,riley.bertrand8892@example.com,FR,2026-01-16 00:04:22
402,Alex,Roux,alex.roux7841@example.com,NL,2026-01-01 00:47:46
403,Jamie,Simon,jamie.simon985@example.com,FR,2026-01-02 01:31:49
404,Kai,Michel,kai.michel1198@example.com,ES,2026-01-19 03:15:53
405,Charlie,Robert,charlie.robert2590@example.com,DE,2026-01-22 04:59:18
406,Logan,Morel,logan.morel5856@example.com,FR,2026-01-11 20:05:24
407,Cameron,Robert,cameron.robert2921@example.com,PT,2026-01-01 02:05:40
408,Noah,Bernard,noah.bernard2993@example.com,DE,2026-01-30 05:50:01
409,Taylor,Bertrand,taylor.bertrand2314@example.com,IE,2026-01-17 01:50:21
410,Jordan,Simon,jordan.simon7327@example.com,FR,2026-01-01 13:16:36
411,Taylor,Martin,taylor.martin798@example.com,FR,2026-01-19 17:38:57
412,Emerson,Michel,emerson.michel8956@example.com,NL,2026-01-19 05:18:41
413,Morgan,Richard,morgan.richard7403@example.com,FR,2026-01-04 13:52:39
414,Taylor,Thomas,taylor.thomas5610@example.com,FR,2026-01-09 06:11:12
415,Jordan,Simon,jordan.simon9742@example.com,PT,2026-01-30 18:56:52
416,Quinn,Garcia,quinn.garcia2583@example.com,FR,2026-01-03 14:23:49
417,Logan,Moreau,logan.moreau4622@example.com,ES,2026-01-15 10:29:48
418,Casey,Bernard,casey.bernard5921@example.com,DE,2026-01-01 04:26:43
419,Riley,Petit,riley.petit431@example.com,FR,2026-01-11 01:07:03
420,Cameron,Lefevre,cameron.lefevre7725@example.com,DE,2026-01-24 17:50:20
421,Drew,Lefevre,drew.lefevre6062@example.com,PT,2026-01-10 01:23:05
422,Avery,Fournier,avery.fournier1019@example.com,FR,2026-01-08 08:04:47
423,Logan,Garcia,logan.garcia9672@example.com,NL,2026-01-12 01:04:17
424,Logan,Bertrand,logan.bertrand9393@example.com,BE,2026-01-12 10:32:34
425,Kai,Fournier,kai.fournier8477@example.com,FR,2026-01-28 17:49:43
426,Jamie,Richard,jamie.richard3481@example.com,IE,2026-01-10 08:32:31
427,Casey,Morel,casey.morel4235@example.com,FR,2026-01-16 12:32:06
428,Emerson,Vincent,emerson.vincent5353@example.com,FR,2026-01-14 09:47:50
429,Noah,Roux,noah.roux6884@example.com,ES,2026-01-06 11:05:38
430,Taylor,Petit,taylor.petit9229@example.com,BE,2026-01-05 21:39:44
431,Avery,Lefevre,avery.lefevre7965@example.com,FR,2026-01-28 18:27:19
432,Quinn,Lefevre,quinn.lefevre645@example.com,FR,2026-01-20 05:07:55
433,Avery,Michel,avery.michel341@example.com,FR,2026-01-17 09:38:33
434,Taylor,Dubois,taylor.dubois2211@example.com,NL,2026-01-15 14:05:06
435,Finley,Morel,finley.morel1472@example.com,PT,2026-01-10 02:57:39
436,Kai,Michel,kai.michel930@example.com,IT,2026-01-26 00:19:57
437,Kai,Fournier,kai.fournier484@example.com,NL,2026-01-09 10:25:07
438,Hayden,Bernard,hayden.bernard5914@example.com,ES,2026-01-10 15:58:46
439,Taylor,Martin,taylor.martin3973@example.com,GB,2026-01-19 01:57:18
440,Logan,Michel,logan.michel5650@example.com,NL,2026-01-08 22:30:25
441,Alex,Lefevre,alex.lefevre823@example.com,FR,2026-01-08 21:48:03
442,Morgan,Durand,morgan.durand4418@example.com,GB,2026-01-20 21:06:37
443,Jules,Robert,jules.robert2847@example.com,DE,2026-01-30 04:22:52
444,Avery,Garcia,avery.garcia6178@example.com,FR,2026-01-17 22:16:32
445,Quinn,Lefevre,quinn.lefevre9586@example.com,GB,
446,Logan,Morel,logan.morel9988@example.com,FR,2026-01-14 17:20:32
447,Charlie,Moreau,charlie.moreau4288@example.com,FR,2026-01-15 12:07:00
448,Quinn,Lefevre,quinn.lefevre5246@example.com,CH,2026-01-07 19:01:46
449,Finley,Lefevre,finley.lefevre6371@example.com,NL,2026-01-02 17:08:58
450,Morgan,Vincent,morgan.vincent7804@example.com,NL,2026-01-18 09:40:45
451,Jamie,Laurent,jamie.laurent1609@example.com,NL,2026-01-23 20:29:58
452,Jamie,Simon,jamie.simon1473@example.com,FR,2026-01-11 18:56:38
453,Charlie,Michel,charlie.michel4279@example.com,PT,2026-01-29 10:14:21
454,Noah,Fournier,noah.fournier1176@example.com,NL,2026-01-23 22:10:32
455,Cameron,Garcia,cameron.garcia895@example.com,PT,2026-01-08 07:40:10
456,Hayden,Robert,hayden.robert5193@example.com,DE,2026-01-09 18:07:51
457,Sam,Martin,sam.martin7416@example.com,ES,2026-01-14 06:40:59
458,Jordan,Robert,jordan.robert7115@example.com,PT,2026-01-31 18:03:59
459,Logan,Durand,logan.durand6122@example.com,ES,2026-01-01 16:24:03
460,Alex,Dubois,alex.dubois3717@example.com,ES,2026-01-17 17:11:47
461,Jordan,Bernard,jordan.bernard4895@example.com,ES,2026-01-15 02:50:20
462,Casey,Simon,casey.simon8041@example.com,BE,2026-01-18 10:33:27
463,Alex,Dubois,alex.dubois3685@example.com,ES,2026-01-07 08:51:56
464,Sam,Lefevre,sam.lefevre4200@example.com,FR,2026-01-26 23:00:34
465,Alex,Bernard,alex.bernard1907@example.com,FR,2026-01-21 05:34:43
466,Riley,Martin,riley.martin4943@example.com,FR,2026-01-21 10:21:02
467,Casey,Garcia,casey.garcia1728@example.com,FR,2026-01-25 20:02:22
468,Riley,Morel,riley.morel3282@example.com,FR,2026-01-13 18:24:36
469,Jamie,Bernard,jamie.bernard8990@example.com,PT,2026-01-25 02:17:42
470,Alex,Thomas,alex.thomas1819@example.com,FR,2026-01-28 20:56:11
471,Taylor,Moreau,taylor.moreau3797@example.com,PT,2026-01-23 04:09:13
472,Jamie,Bernard,jamie.bernard4770@example.com,IT,2026-01-18 11:40:49
473,Sam,Martin,sam.martin2277@example.com,GB,2026-01-09 06:39:40
474,Jordan,Michel,jordan.michel5625@example.com,PT,2026-01-09 21:03:29
475,Jules,Garcia,jules.garcia2742@example.com,IE,2026-01-06 11:43:13
476,Taylor,Garcia,taylor.garcia9688@example.com,FR,2026-01-24 10:21:25
477,Drew,Morel,drew.morel482@example.com,BE,2026-01-07 08:13:28
478,Jordan,Moreau,jordan.moreau5158@example.com,IT,2026-01-01 14:24:02
479,Noah,Dubois,noah.dubois5552@example.com,FR,2026-01-26 04:47:41
480,Morgan,Bertrand,morgan.bertrand5674@example.com,BE,2026-01-19 16:24:49
481,Alex,Richard,alex.richard8293@example.com,FR,2026-01-23 18:45:40
482,Morgan,Simon,morgan.simon4567@example.com,FR,2026-01-03 10:39:46
483,Jordan,David,jordan.david7287@example.com,PT,2026-01-28 19:38:02
484,Jules,Martin,jules.martin1691@example.com,FR,2026-01-20 14:02:28
485,Quinn,Morel,quinn.morel5000@example.com,PT,2026-01-25 16:15:23
486,Sam,Dubois,sam.dubois7455@example.com,PT,2026-01-17 02:46:34
487,Hayden,Petit,hayden.petit1606@example.com,DE,
488,Logan,Roux,logan.roux6135@example.com,FR,2026-01-06 03:52:27
489,Finley,Petit,finley.petit4176@example.com,NL,2026-01-30 15:41:38
490,Riley,Simon,riley.simon1775@example.com,DE,2026-01-21 02:53:34
491,Hayden,David,hayden.david9665@example.com,ES,2026-01-25 11:25:57
492,Finley,Fournier,finley.fournier7922@example.com,DE,2026-01-25 16:15:02
493,Casey,Petit,casey.petit6357@example.com,BE,2026-01-30 03:41:12
494,Quinn,Dubois,quinn.dubois4492@example.com,PT,2026-01-20 07:33:07
495,Finley,Morel,finley.morel8403@example.com,FR,2026-01-15 12:15:32
496,Logan,Durand,logan.durand3301@example.com,FR,2026-01-11 04:19:58
497,Jamie,Roux,jamie.roux8898@example.com,FR,2026-01-31 22:00:57
498,Noah,Garcia,noah.garcia8757@example.com,FR,2026-01-14 21:07:48
499,Emerson,Robert,emerson.robert879@example.com,FR,2026-01-03 17:56:57
500,Avery,Robert,avery.robert1026@example.com,FR,2026-01-15 07:51:49
501,Quinn,Vincent,quinn.vincent3685@example.com,IT,2026-01-28 05:55:39
502,Sam,Lefevre,sam.lefevre6359@example.com,FR,2026-01-21 05:20:05
503,Alex,Moreau,alex.moreau3337@example.com,PT,2026-01-31 03:00:24
504,Drew,Fournier,drew.fournier8965@example.com,FR,2026-01-30 06:59:48
505,Jordan,Richard,jordan.richard2857@example.com,FR,2026-01-25 22:40:29
506,Jamie,Fournier,jamie.fournier4188@example.com,FR,2026-01-01 06:34:37
507,Charlie,Morel,charlie.morel843@example.com,PT,2026-01-31 08:36:17
508,Drew,Thomas,drew.thomas5217@example.com,FR,2026-01-26 12:07:46
509,Finley,Vincent,finley.vincent8808@example.com,FR,2026-01-20 14:00:53
510,Drew,Laurent,drew.laurent3589@example.com,NL,2026-01-31 00:20:56
511,Alex,Petit,alex.petit5678@example.com,BE,2026-01-22 15:14:23
512,Sam,Simon,sam.simon6258@example.com,FR,2026-01-06 12:05:25
513,Drew,Roux,drew.roux8345@example.com,DE,2026-01-22 15:06:41
514,Jordan,Petit,jordan.petit2752@example.com,FR,2026-01-27 02:47:09
515,Riley,Garcia,riley.garcia1712@example.com,GB,2026-01-10 23:31:03
516,Jordan,Robert,jordan.robert399@example.com,FR,2026-01-23 07:02:10
517,Avery,Vincent,avery.vincent1164@example.com,PT,2026-01-28 21:52:46
518,Emerson,Garcia,emerson.garcia5193@example.com,FR,2026-01-01 19:40:45
519,Jordan,Fournier,jordan.fournier755@example.com,FR,2026-01-04 12:34:22
520,Quinn,Thomas,quinn.thomas4622@example.com,FR,2026-01-22 05:55:46
521,Morgan,Robert,morgan.robert6416@example.com,FR,2026-01-27 11:48:54
522,Drew,Martin,drew.martin9078@example.com,ES,2026-01-27 22:42:11
523,Logan,Thomas,logan.thomas5002@example.com,FR,2026-01-11 04:43:45
524,Kai,Robert,kai.robert2647@example.com,FR,2026-01-09 22:22:01
525,Noah,Bernard,noah.bernard9002@example.com,DE,2026-01-23 09:24:46
526,Riley,Fournier,riley.fournier7992@example.com,FR,2026-01-17 01:28:09
527,Jordan,Durand,jordan.durand5216@example.com,FR,2026-01-24 14:04:09
528,Noah,Fournier,noah.fournier5981@example.com,FR,2026-01-16 08:33:17
529,Finley,Moreau,finley.moreau5899@example.com,PT,2026-01-07 12:28:39
530,Cameron,Bertrand,cameron.bertrand9048@example.com,NL,2026-01-06 06:47:57
531,Casey,Vincent,casey.vincent3228@example.com,IT,2026-01-13 18:41:26
532,Kai,Martin,kai.martin9543@example.com,BE,2026-01-29 02:28:05
533,Logan,Vincent,logan.vincent7744@example.com,IT,2026-01-08 05:10:11
534,Cameron,Robert,cameron.robert7623@example.com,ES,2026-01-25 07:51:02
535,Quinn,Richard,quinn.richard8433@example.com,GB,2026-01-07 19:32:37
536,Casey,Bertrand,casey.bertrand5888@example.com,FR,2026-01-02 23:05:33
537,Sam,Durand,sam.durand8495@example.com,BE,2026-01-18 12:53:18
538,Charlie,Petit,charlie.petit8552@example.com,FR,2026-01-31 18:09:32
539,Jamie,Lefevre,jamie.lefevre6211@example.com,FR,2026-01-18 17:36:05
540,Morgan,Roux,morgan.roux6659@example.com,IT,2026-01-18 03:09:21
541,Alex,Roux,alex.roux2286@example.com,DE,2026-01-22 08:31:08
542,Jamie,Richard,jamie.richard5944@example.com,FR,2026-01-30 05:24:16
543,Taylor,Bertrand,taylor.bertrand7854@example.com,NL,2026-01-24 06:06:00
544,Sam,Robert,sam.robert9406@example.com,FR,2026-01-29 18:08:06
545,Sam,Richard,sam.richard4241@example.com,GB,2026-01-09 17:45:32
546,Cameron,Thomas,cameron.thomas3558@example.com,PT,2026-01-22 19:21:35
547,Finley,Morel,finley.morel2348@example.com,DE,2026-01-29 06:49:55
548,Charlie,David,charlie.david9783@example.com,FR,2026-01-29 16:05:39
549,Kai,Roux,kai.roux6887@example.com,BE,2026-01-08 06:15:05
550,Logan,Roux,logan.roux1935@example.com,DE,2026-01-05 12:34:27
551,Finley,Roux,finley.roux6902@example.com,PT,2026-01-18 23:31:15
552,Jules,Lefevre,jules.lefevre5752@example.com,NL,2026-01-29 14:17:26
553,Finley,Robert,finley.robert4180@example.com,FR,2026-01-24 03:54:35
554,Logan,Garcia,logan.garcia4233@example.com,FR,
555,Kai,Martin,kai.martin6154@example.com,FR,2026-01-10 23:19:48
556,Noah,Moreau,noah.moreau4291@example.com,FR,2026-01-27 00:36:26
557,Riley,Garcia,riley.garcia9055@example.com,ES,2026-01-28 01:36:27
558,Cameron,Fournier,cameron.fournier5651@example.com,DE,2026-01-20 07:51:17
559,Hayden,Richard,hayden.richard1652@example.com,NL,2026-01-11 09:51:42
560,Sam,Richard,sam.richard6385@example.com,FR,
561,Finley,Thomas,finley.thomas1059@example.com,FR,2026-01-13 18:31:27
562,Emerson,Morel,emerson.morel8546@example.com,GB,2026-01-14 21:45:39
563,Jules,David,jules.david185@example.com,ES,2026-01-10 19:00:21
564,Quinn,Roux,quinn.roux8461@example.com,FR,2026-01-12 05:54:58
565,Jamie,Thomas,jamie.thomas4530@example.com,ES,2026-01-20 09:22:26
566,Jordan,Thomas,jordan.thomas9014@example.com,ES,2026-01-14 19:27:33
567,Avery,Dubois,avery.dubois9944@example.com,FR,2026-01-10 10:38:17
568,Kai,Petit,kai.petit9162@example.com,FR,2026-01-04 12:20:08
569,Avery,Vincent,avery.vincent9429@example.com,ES,2026-01-13 03:26:09
570,Charlie,David,charlie.david7558@example.com,FR,2026-01-29 11:42:08
571,Morgan,Dubois,morgan.dubois5182@example.com,FR,2026-01-21 00:30:39
572,Morgan,Laurent,morgan.laurent1533@example.com,FR,2026-01-20 08:47:16
573,Jules,Simon,jules.simon5802@example.com,GB,2026-01-11 14:38:52
574,Riley,Bertrand,riley.bertrand3281@example.com,FR,2026-01-12 09:37:59
575,Morgan,Morel,morgan.morel5843@example.com,FR,2026-01-08 13:44:52
576,Jules,Morel,jules.morel118@example.com,FR,2026-01-27 06:51:46
577,Noah,Moreau,noah.moreau8051@example.com,FR,2026-01-09 21:03:40
578,Noah,Robert,noah.robert897@example.com,ES,2026-01-26 12:31:34
579,Emerson,Richard,emerson.richard7500@example.com,DE,2026-01-06 20:14:20
580,Riley,Lefevre,riley.lefevre9529@example.com,FR,2026-01-05 21:22:47
581,Morgan,Moreau,morgan.moreau7732@example.com,PT,2026-01-30 18:17:40
582,Drew,Michel,drew.michel6573@example.com,GB,2026-01-14 13:47:31
583,Taylor,Moreau,taylor.moreau3873@example.com,FR,2026-01-27 23:01:04
584,Casey,Bertrand,casey.bertrand169@example.com,BE,2026-01-09 13:45:44
585,Logan,Simon,logan.simon7982@example.com,FR,2026-01-15 13:33:54
586,Jamie,Bernard,jamie.bernard3540@example.com,PT,2026-01-13 08:16:08
587,Drew,Michel,drew.michel9190@example.com,FR,2026-01-28 01:31:28
588,Quinn,Durand,quinn.durand9461@example.com,GB,2026-01-28 22:57:56
589,Charlie,Roux,charlie.roux7997@example.com,FR,2026-01-22 16:42:40
590,Casey,Richard,casey.richard5537@example.com,NL,2026-01-21 11:27:06
591,Jamie,Simon,jamie.simon3749@example.com,FR,2026-01-16 05:13:59
592,Avery,David,avery.david5960@example.com,FR,2026-01-29 11:48:39
593,Casey,Dubois,casey.dubois4132@example.com,FR,2026-01-04 21:16:55
594,Jules,Vincent,jules.vincent891@example.com,CH,2026-01-02 06:43:02
595,Quinn,Robert,quinn.robert1391@example.com,FR,2026-01-19 22:12:13
596,Casey,Roux,casey.roux2805@example.com,BE,2026-01-02 09:17:16
597,Hayden,Vincent,hayden.vincent4473@example.com,DE,2026-01-27 15:06:05
598,Quinn,David,quinn.david9250@example.com,FR,2026-01-22 02:47:07
599,Logan,Dubois,logan.dubois1477@example.com,FR,2026-01-22 10:48:16
600,Kai,Robert,,BE,2026-01-14 22:06:08
601,Jules,Laurent,jules.laurent159@example.com,IT,2026-01-21 21:29:36
602,Riley,Garcia,riley.garcia9194@example.com,IT,2026-01-22 05:15:56
603,Emerson,Dubois,emerson.dubois4318@example.com,IT,2026-01-04 20:17:09
604,Avery,Laurent,avery.laurent8725@example.com,FR,2026-01-14 01:12:01
605,Hayden,Morel,hayden.morel7428@example.com,FR,2026-01-14 05:03:33
606,Logan,Martin,logan.martin3056@example.com,PT,2026-01-05 23:09:26
607,Jordan,Robert,jordan.robert251@example.com,IT,2026-01-24 23:03:42
608,Drew,David,drew.david529@example.com,FR,2026-01-17 00:46:03
609,Emerson,Thomas,emerson.thomas8909@example.com,FR,2026-01-23 19:45:38
610,Alex,Petit,alex.petit4088@example.com,IT,2026-01-19 16:19:19
611,Hayden,Petit,hayden.petit8548@example.com,FR,2026-01-11 02:51:30
612,Sam,Vincent,sam.vincent8544@example.com,FR,2026-01-06 22:18:18
613,Riley,Petit,riley.petit3876@example.com,IT,2026-01-31 17:23:32
614,Emerson,Dubois,emerson.dubois156@example.com,DE,2026-01-03 00:55:32
615,Jordan,Dubois,jordan.dubois2593@example.com,GB,2026-01-25 06:26:53
616,Sam,Bernard,sam.bernard5834@example.com,FR,2026-01-08 11:19:40
617,Logan,Michel,logan.michel7197@example.com,IT,2026-01-10 08:49:15
618,Sam,Bertrand,sam.bertrand7178@example.com,FR,2026-01-28 03:18:39
619,Drew,Simon,drew.simon7684@example.com,NL,2026-01-14 08:46:34
620,Kai,Robert,kai.robert7372@example.com,PT,2026-01-15 08:29:01
621,Kai,Lefevre,kai.lefevre3049@example.com,DE,2026-01-01 21:48:36
622,Jordan,Vincent,jordan.vincent6358@example.com,ES,2026-01-10 05:12:50
623,Charlie,Garcia,charlie.garcia5286@example.com,FR,2026-01-06 08:42:00
624,Jamie,Bernard,jamie.bernard3320@example.com,ES,2026-01-06 04:43:41
625,Jules,Roux,jules.roux9681@example.com,IT,2026-01-13 10:11:24
626,Riley,Bertrand,riley.bertrand1320@example.com,ES,2026-01-23 17:19:42
627,Finley,Michel,finley.michel965@example.com,FR,2026-01-30 22:46:45
628,Riley,Roux,riley.roux1601@example.com,FR,2026-01-05 21:56:08
629,Morgan,Fournier,morgan.fournier2941@example.com,FR,2026-01-28 02:36:37
630,Drew,David,drew.david7007@example.com,PT,2026-01-06 01:17:17
631,Jamie,Vincent,jamie.vincent9839@example.com,ES,2026-01-22 12:08:47
632,Drew,Garcia,drew.garcia7064@example.com,FR,2026-01-16 16:50:51
633,Avery,Michel,,FR,2026-01-22 17:22:30
634,Alex,Roux,alex.roux2223@example.com,FR,
635,Avery,Vincent,avery.vincent8386@example.com,FR,2026-01-28 00:09:48
636,Casey,Robert,casey.robert4351@example.com,FR,2026-01-18 19:40:57
637,Noah,Lefevre,noah.lefevre9333@example.com,IT,2026-01-11 13:19:58
638,Noah,Petit,noah.petit9762@example.com,PT,2026-01-15 13:59:00
639,Charlie,Michel,charlie.michel7125@example.com,IT,2026-01-21 05:16:58
640,Quinn,Martin,quinn.martin6276@example.com,ES,2026-01-03 15:03:49
641,Kai,Dubois,kai.dubois2519@example.com,GB,2026-01-03 10:51:35
642,Noah,Roux,noah.roux1485@example.com,FR,2026-01-11 18:44:54
643,Jules,Fournier,jules.fournier817@example.com,ES,2026-01-27 14:38:37
644,Casey,Robert,casey.robert7889@example.com,ES,2026-01-28 03:37:38
645,Kai,Dubois,kai.dubois3980@example.com,DE,2026-01-04 11:28:16
646,Taylor,Garcia,taylor.garcia6949@example.com,ES,2026-01-18 17:34:03
647,Cameron,Richard,cameron.richard5739@example.com,DE,2026-01-30 21:56:58
648,Morgan,Durand,morgan.durand6134@example.com,FR,2026-01-08 13:44:34
649,Quinn,Robert,quinn.robert4723@example.com,FR,2026-01-01 16:00:01
650,Charlie,Durand,charlie.durand8824@example.com,FR,2026-01-11 06:51:09
651,Casey,Martin,casey.martin6180@example.com,FR,2026-01-29 07:14:59
652,Riley,Morel,riley.morel4454@example.com,FR,2026-01-03 13:50:55
653,Drew,Petit,drew.petit322@example.com,FR,2026-01-15 04:46:55
654,Taylor,Simon,taylor.simon7950@example.com,ES,2026-01-29 23:40:45
655,Alex,Bernard,alex.bernard4063@example.com,IT,2026-01-26 16:48:48
656,Drew,Michel,drew.michel4963@example.com,FR,2026-01-12 11:11:54
657,Avery,Lefevre,avery.lefevre492@example.com,FR,2026-01-27 22:33:04
658,Casey,Thomas,casey.thomas6272@example.com,DE,2026-01-26 06:40:48
659,Morgan,Fournier,morgan.fournier2512@example.com,FR,2026-01-21 16:52:03
660,Riley,Robert,riley.robert9529@example.com,FR,2026-01-27 06:43:22
661,Kai,Robert,kai.robert7056@example.com,FR,2026-01-08 01:06:53
662,Logan,Petit,logan.petit3026@example.com,FR,2026-01-16 10:01:40
663,Finley,Garcia,finley.garcia4980@example.com,DE,2026-01-22 12:08:15
664,Casey,Durand,casey.durand1759@example.com,DE,2026-01-07 09:15:43
665,Noah,Morel,noah.morel3793@example.com,FR,2026-01-29 22:48:38
666,Jules,Robert,jules.robert8240@example.com,FR,2026-01-30 08:32:24
667,Jules,Robert,jules.robert2693@example.com,GB,2026-01-10 09:09:50
668,Finley,Dubois,finley.dubois3333@example.com,IE,2026-01-10 22:19:55
669,Jules,Simon,jules.simon7506@example.com,DE,2026-01-12 23:31:26
670,Charlie,Lefevre,charlie.lefevre9380@example.com,IT,2026-01-29 19:50:02
671,Taylor,David,taylor.david7495@example.com,ES,2026-01-03 01:25:05
672,Sam,Vincent,sam.vincent6357@example.com,FR,2026-01-26 01:19:52
673,Cameron,Laurent,cameron.laurent7568@example.com,FR,2026-01-09 01:58:15
674,Casey,David,casey.david7410@example.com,IT,2026-01-05 09:22:16
675,Logan,Robert,logan.robert6450@example.com,PT,2026-01-21 01:49:53
676,Riley,David,riley.david1487@example.com,IT,2026-01-13 03:22:01
677,Taylor,Thomas,taylor.thomas1880@example.com,IT,2026-01-22 19:35:13
678,Kai,Morel,kai.morel2629@example.com,FR,2026-01-19 09:11:33
679,Casey,Richard,casey.richard2379@example.com,FR,2026-01-09 16:23:41
680,Hayden,Laurent,hayden.laurent2970@example.com,FR,2026-01-06 16:57:37
681,Alex,David,,BE,2026-01-25 04:57:37
682,Noah,Bertrand,noah.bertrand7444@example.com,FR,2026-01-20 21:51:39
683,Avery,Morel,avery.morel9144@example.com,DE,2026-01-11 01:54:55
684,Sam,Fournier,sam.fournier9894@example.com,FR,2026-01-15 11:42:34
685,Jamie,Laurent,jamie.laurent9757@example.com,PT,2026-01-28 18:45:27
686,Sam,Thomas,sam.thomas4913@example.com,FR,2026-01-16 16:06:52
687,Logan,Thomas,logan.thomas4807@example.com,FR,2026-01-23 20:32:28
688,Kai,Durand,kai.durand3435@example.com,GB,2026-01-30 17:05:39
689,Jordan,Bertrand,jordan.bertrand9918@example.com,FR,2026-01-14 22:35:50
690,Quinn,Michel,quinn.michel2135@example.com,DE,2026-01-30 19:41:58
691,Jamie,Morel,,FR,2026-01-15 02:26:35
692,Taylor,Durand,taylor.durand6803@example.com,NL,2026-01-21 02:23:34
693,Riley,Laurent,riley.laurent4178@example.com,FR,2026-01-04 07:02:05
694,Charlie,Simon,charlie.simon6498@example.com,FR,2026-01-28 14:50:29
695,Charlie,Bertrand,charlie.bertrand7784@example.com,DE,2026-01-02 17:25:42
696,Logan,Simon,logan.simon7587@example.com,ES,2026-01-21 02:17:24
697,Charlie,Vincent,charlie.vincent8789@example.com,IT,2026-01-01 21:48:30
698,Drew,Thomas,drew.thomas2456@example.com,FR,2026-01-14 14:45:34
699,Jamie,Fournier,jamie.fournier9933@example.com,IT,2026-01-19 21:52:39
700,Charlie,Bernard,charlie.bernard4458@example.com,FR,2026-01-21 02:11:34
701,Cameron,Durand,cameron.durand8613@example.com,FR,2026-01-15 16:13:34
702,Jordan,David,jordan.david8300@example.com,FR,2026-01-02 05:03:04
703,Jules,Roux,jules.roux5094@example.com,NL,2026-01-16 21:22:34
704,Casey,Durand,casey.durand608@example.com,FR,2026-01-23 07:12:10
705,Sam,Morel,sam.morel1436@example.com,ES,2026-01-17 04:18:38
706,Cameron,Martin,cameron.martin9472@example.com,FR,2026-01-16 03:40:22
707,Logan,Simon,logan.simon7237@example.com,FR,2026-01-06 17:04:23
708,Logan,Roux,logan.roux1687@example.com,FR,2026-01-11 00:40:48
709,Cameron,Fournier,cameron.fournier4021@example.com,FR,2026-01-09 07:32:59
710,Casey,Martin,casey.martin7722@example.com,PT,2026-01-03 10:47:07
711,Quinn,Fournier,quinn.fournier7314@example.com,FR,2026-01-30 22:03:33
712,Logan,Thomas,logan.thomas7639@example.com,BE,2026-01-28 13:31:20
713,Hayden,Laurent,hayden.laurent7635@example.com,NL,2026-01-23 20:13:32
714,Drew,Lefevre,drew.lefevre3014@example.com,PT,2026-01-17 00:51:35
715,Jules,Petit,jules.petit5768@example.com,IT,2026-01-24 05:40:12
716,Casey,Roux,casey.roux1696@example.com,FR,2026-01-20 16:39:30
717,Cameron,Vincent,cameron.vincent7562@example.com,FR,2026-01-20 10:59:06
718,Jules,Lefevre,jules.lefevre1092@example.com,PT,2026-01-17 12:57:38
719,Noah,Simon,noah.simon8931@example.com,IT,2026-01-12 11:08:23
720,Jules,Petit,jules.petit9712@example.com,NL,2026-01-29 22:28:41
721,Emerson,Thomas,emerson.thomas9811@example.com,NL,2026-01-06 06:41:48
722,Sam,Thomas,sam.thomas3575@example.com,DE,2026-01-07 17:50:59
723,Casey,Robert,casey.robert7431@example.com,PT,2026-01-26 18:57:28
724,Charlie,Laurent,charlie.laurent9353@example.com,IT,2026-01-15 18:49:35
725,Jordan,Fournier,jordan.fournier143@example.com,FR,2026-01-30 16:26:18
726,Drew,Vincent,drew.vincent880@example.com,FR,2026-01-01 00:58:57
727,Alex,Dubois,alex.dubois7083@example.com,PT,2026-01-29 15:35:26
728,Logan,Durand,logan.durand2851@example.com,NL,2026-01-24 01:15:55
729,Finley,Robert,finley.robert4736@example.com,FR,2026-01-07 02:16:31
730,Jules,Garcia,jules.garcia2234@example.com,NL,2026-01-05 02:38:24
731,Quinn,Garcia,quinn.garcia2955@example.com,PT,2026-01-23 01:24:28
732,Jamie,Garcia,jamie.garcia9915@example.com,FR,2026-01-01 08:39:23
733,Finley,Vincent,finley.vincent9452@example.com,PT,2026-01-18 19:33:03
734,Noah,Bertrand,noah.bertrand1321@example.com,NL,2026-01-07 21:32:38
735,Avery,David,avery.david8479@example.com,FR,2026-01-04 19:08:59
736,Jordan,Vincent,jordan.vincent9506@example.com,ES,2026-01-16 04:05:18
737,Hayden,Roux,hayden.roux7697@example.com,GB,2026-01-28 20:43:04
738,Cameron,Richard,cameron.richard588@example.com,ES,2026-01-30 00:17:49
739,Jules,Fournier,jules.fournier2780@example.com,NL,2026-01-28 19:25:48
740,Cameron,Bertrand,cameron.bertrand1361@example.com,FR,2026-01-07 03:45:27
741,Avery,Moreau,avery.moreau4219@example.com,BE,2026-01-01 16:32:51
742,Hayden,Michel,hayden.michel2883@example.com,FR,2026-01-13 16:22:52
743,Sam,Simon,sam.simon1392@example.com,NL,2026-01-08 01:01:08
744,Finley,Lefevre,finley.lefevre3908@example.com,ES,2026-01-22 08:51:09
745,Sam,Moreau,sam.moreau1910@example.com,FR,2026-01-03 13:11:38
746,Logan,Dubois,logan.dubois6232@example.com,BE,2026-01-19 22:27:54
747,Hayden,Lefevre,hayden.lefevre5182@example.com,BE,2026-01-26 17:47:24
748,Finley,Morel,finley.morel4476@example.com,FR,2026-01-17 06:15:55
749,Hayden,Dubois,hayden.dubois9655@example.com,CH,2026-01-10 11:06:17
750,Alex,Martin,alex.martin1123@example.com,DE,2026-01-01 13:56:09
751,Cameron,Moreau,cameron.moreau3173@example.com,GB,2026-01-02 15:39:41
752,Riley,Morel,riley.morel2005@example.com,FR,2026-01-06 19:47:00
753,Noah,Richard,noah.richard1826@example.com,GB,2026-01-09 22:40:55
754,Avery,Garcia,avery.garcia5308@example.com,IT,2026-01-13 11:49:07
755,Charlie,Bernard,charlie.bernard4240@example.com,GB,2026-01-13 20:21:24
756,Emerson,Richard,emerson.richard8071@example.com,FR,2026-01-06 06:19:50
757,Hayden,Moreau,hayden.moreau1702@example.com,FR,2026-01-02 16:36:57
758,Jules,Robert,jules.robert24@example.com,IT,2026-01-02 20:04:54
759,Noah,Martin,noah.martin8454@example.com,IT,2026-01-24 19:40:58
760,Jordan,Vincent,jordan.vincent3710@example.com,IT,2026-01-01 03:51:12
761,Logan,Michel,logan.michel5473@example.com,GB,2026-01-15 16:49:13
762,Logan,Simon,logan.simon1328@example.com,FR,2026-01-23 07:31:07
763,Emerson,Durand,emerson.durand4906@example.com,FR,2026-01-19 22:30:17
764,Hayden,Durand,hayden.durand2302@example.com,ES,2026-01-02 17:35:29
765,Jordan,Vincent,jordan.vincent5051@example.com,PT,2026-01-25 06:10:27
766,Sam,Simon,sam.simon928@example.com,FR,2026-01-17 09:28:14
767,Kai,David,kai.david8801@example.com,FR,2026-01-08 05:32:36
768,Jules,Martin,jules.martin7730@example.com,FR,2026-01-31 00:27:20
769,Sam,Laurent,sam.laurent1604@example.com,FR,2026-01-23 03:29:36
770,Taylor,Bertrand,taylor.bertrand9758@example.com,PT,2026-01-30 21:15:33
771,Emerson,Simon,emerson.simon1989@example.com,GB,2026-01-28 23:03:00
772,Sam,Fournier,sam.fournier2851@example.com,IT,2026-01-17 06:53:24
773,Drew,Vincent,drew.vincent2713@example.com,FR,2026-01-22 07:04:38
774,Quinn,Lefevre,quinn.lefevre2594@example.com,FR,2026-01-01 18:12:38
775,Noah,Laurent,noah.laurent6829@example.com,DE,2026-01-24 02:35:41
776,Finley,Dubois,finley.dubois2869@example.com,IT,2026-01-30 15:19:41
777,Jordan,Laurent,jordan.laurent5709@example.com,FR,
778,Taylor,Morel,taylor.morel5939@example.com,DE,2026-01-27 04:49:21
779,Sam,Durand,sam.durand1856@example.com,PT,2026-01-08 05:51:03
780,Sam,Bernard,sam.bernard5976@example.com,DE,2026-01-14 20:07:27
781,Hayden,Bernard,hayden.bernard1720@example.com,IT,2026-01-03 13:06:58
782,Taylor,Thomas,taylor.thomas3865@example.com,FR,2026-01-22 14:15:14
783,Charlie,Dubois,charlie.dubois1814@example.com,PT,2026-01-16 19:58:17
784,Morgan,Thomas,morgan.thomas7726@example.com,FR,2026-01-29 09:40:54
785,Hayden,Richard,hayden.richard6356@example.com,DE,2026-01-19 03:08:29
786,Riley,Simon,riley.simon2094@example.com,FR,2026-01-02 13:23:34
787,Hayden,Garcia,hayden.garcia2814@example.com,FR,2026-01-17 16:17:42
788,Quinn,Richard,quinn.richard9481@example.com,NL,2026-01-27 20:00:25
789,Riley,Fournier,riley.fournier7767@example.com,IT,2026-01-23 11:09:28
790,Charlie,Garcia,charlie.garcia9503@example.com,FR,2026-01-11 19:07:20
791,Alex,Garcia,alex.garcia734@example.com,ES,2026-01-02 22:40:18
792,Emerson,Bertrand,emerson.bertrand1615@example.com,IT,2026-01-22 23:07:56
793,Finley,Durand,finley.durand2184@example.com,FR,2026-01-18 09:34:22
794,Cameron,Richard,cameron.richard7534@example.com,PT,2026-01-28 16:32:30
795,Emerson,Richard,emerson.richard6078@example.com,NL,2026-01-31 10:17:15
796,Charlie,Roux,charlie.roux545@example.com,GB,2026-01-15 09:33:08
797,Riley,Thomas,riley.thomas5510@example.com,FR,2026-01-03 15:51:36
798,Emerson,Michel,emerson.michel7634@example.com,DE,2026-01-31 01:20:33
799,Logan,Durand,logan.durand2277@example.com,PT,2026-01-17 06:13:16
800,Noah,Durand,noah.durand3703@example.com,DE,2026-01-16 13:22:02
801,Jordan,Michel,jordan.michel5666@example.com,FR,2026-01-22 23:05:47
802,Logan,Laurent,logan.laurent7415@example.com,DE,2026-01-31 03:27:38
803,Jordan,Durand,jordan.durand7511@example.com,FR,2026-01-05 05:43:19
804,Taylor,Richard,taylor.richard4531@example.com,BE,2026-01-06 10:31:05
805,Alex,Laurent,alex.laurent6834@example.com,PT,2026-01-27 06:49:02
806,Alex,Laurent,alex.laurent3107@example.com,NL,2026-01-04 01:20:29
807,Charlie,Garcia,charlie.garcia9491@example.com,PT,2026-01-17 15:22:55
808,Kai,Vincent,kai.vincent7305@example.com,IT,2026-01-23 05:37:00
809,Avery,Dubois,avery.dubois7943@example.com,FR,2026-01-19 01:17:51
810,Hayden,Richard,hayden.richard2644@example.com,NL,2026-01-26 23:41:20
811,Casey,Richard,casey.richard3907@example.com,FR,2026-01-06 16:13:06
812,Jamie,Durand,jamie.durand9225@example.com,FR,2026-01-02 16:24:56
813,Jamie,Vincent,jamie.vincent4950@example.com,PT,2026-01-06 21:32:46
814,Hayden,Simon,hayden.simon2566@example.com,ES,2026-01-01 05:00:11
815,Cameron,Bertrand,cameron.bertrand4758@example.com,IT,2026-01-28 20:26:27
816,Charlie,Petit,charlie.petit7857@example.com,FR,2026-01-02 22:41:51
817,Morgan,David,morgan.david5865@example.com,FR,2026-01-05 11:44:53
818,Avery,Durand,avery.durand379@example.com,DE,2026-01-05 01:23:19
819,Kai,Lefevre,kai.lefevre3195@example.com,GB,2026-01-24 19:26:00
820,Drew,Lefevre,drew.lefevre2433@example.com,FR,2026-01-21 18:14:14
821,Hayden,Vincent,hayden.vincent1445@example.com,CH,2026-01-11 11:18:11
822,Cameron,Richard,cameron.richard6954@example.com,FR,2026-01-21 02:34:14
823,Jules,Roux,jules.roux5505@example.com,FR,2026-01-04 05:01:49
824,Avery,Garcia,avery.garcia2875@example.com,BE,2026-01-27 23:34:12
825,Emerson,Laurent,emerson.laurent9084@example.com,NL,2026-01-24 19:34:25
826,Logan,David,logan.david3688@example.com,FR,2026-01-02 07:16:15
827,Jules,Petit,jules.petit4723@example.com,DE,2026-01-21 06:01:22
828,Avery,Bertrand,avery.bertrand1103@example.com,ES,2026-01-30 01:45:32
829,Jules,Petit,jules.petit6124@example.com,FR,2026-01-25 21:08:09
830,Casey,Simon,casey.simon7563@example.com,FR,2026-01-07 13:51:57
831,Drew,Bernard,drew.bernard4759@example.com,ES,2026-01-15 03:48:47
832,Jamie,Petit,jamie.petit9820@example.com,NL,2026-01-09 02:43:38
833,Cameron,Moreau,cameron.moreau5949@example.com,FR,2026-01-05 15:39:14
834,Cameron,Michel,cameron.michel7954@example.com,FR,2026-01-21 00:00:30
835,Morgan,Durand,morgan.durand9163@example.com,NL,2026-01-30 18:41:45
836,Taylor,Garcia,taylor.garcia7554@example.com,FR,2026-01-04 17:00:46
837,Drew,Robert,drew.robert7250@example.com,FR,2026-01-30 00:18:40
838,Taylor,Dubois,taylor.dubois2118@example.com,FR,2026-01-07 21:51:38
839,Finley,Petit,finley.petit1283@example.com,FR,2026-01-01 21:54:39
840,Kai,Fournier,kai.fournier981@example.com,FR,2026-01-23 18:31:13
841,Taylor,Petit,taylor.petit9869@example.com,DE,2026-01-10 23:18:35
842,Casey,Moreau,casey.moreau9508@example.com,IT,2026-01-17 21:15:32
843,Kai,Fournier,kai.fournier1129@example.com,ES,2026-01-05 19:27:59
844,Cameron,Richard,cameron.richard8810@example.com,FR,2026-01-01 05:02:36
845,Jules,Michel,jules.michel9666@example.com,FR,2026-01-09 23:41:13
846,Emerson,Garcia,emerson.garcia3520@example.com,IE,2026-01-25 23:08:45
847,Taylor,Roux,taylor.roux2236@example.com,ES,2026-01-25 01:40:03
848,Charlie,Bertrand,charlie.bertrand1905@example.com,FR,2026-01-19 16:18:08
849,Hayden,Dubois,hayden.dubois9085@example.com,FR,2026-01-20 18:31:05
850,Jules,Michel,jules.michel2947@example.com,FR,2026-01-01 14:53:47
851,Jordan,Petit,jordan.petit2358@example.com,FR,2026-01-20 03:59:19
852,Jamie,Thomas,jamie.thomas5969@example.com,CH,2026-01-10 15:57:08
853,Finley,Bertrand,finley.bertrand4573@example.com,NL,2026-01-29 05:59:03
854,Drew,Bertrand,drew.bertrand9892@example.com,FR,2026-01-20 15:12:39
855,Taylor,Moreau,taylor.moreau8027@example.com,FR,2026-01-25 03:21:57
856,Jordan,Bertrand,jordan.bertrand448@example.com,FR,2026-01-09 16:39:41
857,Taylor,Thomas,taylor.thomas8528@example.com,DE,2026-01-24 21:26:24
858,Avery,Vincent,avery.vincent5639@example.com,FR,2026-01-27 05:45:42
859,Taylor,Lefevre,taylor.lefevre7384@example.com,FR,2026-01-16 06:29:16
860,Cameron,Richard,cameron.richard8062@example.com,PT,2026-01-21 21:46:47
861,Jules,Vincent,jules.vincent8847@example.com,FR,2026-01-28 18:40:23
862,Avery,Bertrand,avery.bertrand9693@example.com,GB,2026-01-19 08:09:58
863,Alex,Fournier,alex.fournier749@example.com,IT,2026-01-07 05:21:41
864,Charlie,Lefevre,charlie.lefevre1604@example.com,FR,2026-01-21 18:49:43
865,Morgan,Dubois,morgan.dubois5123@example.com,NL,2026-01-29 18:20:57
866,Jamie,Martin,jamie.martin8831@example.com,PT,2026-01-16 19:57:13
867,Finley,Moreau,finley.moreau344@example.com,FR,2026-01-23 19:14:24
868,Noah,Petit,noah.petit8011@example.com,PT,2026-01-05 20:34:28
869,Charlie,Richard,charlie.richard4917@example.com,DE,2026-01-18 15:18:54
870,Jordan,Vincent,jordan.vincent3517@example.com,ES,2026-01-14 22:47:36
871,Quinn,Thomas,quinn.thomas9483@example.com,ES,2026-01-05 14:22:21
872,Finley,Durand,finley.durand5700@example.com,NL,2026-01-04 17:19:02
873,Logan,Simon,logan.simon3288@example.com,PT,2026-01-21 02:42:39
874,Jamie,Martin,jamie.martin8467@example.com,GB,2026-01-10 01:20:01
875,Hayden,Moreau,hayden.moreau8738@example.com,GB,2026-01-30 19:51:13
876,Sam,Roux,sam.roux3297@example.com,IT,2026-01-18 16:24:38
877,Finley,Garcia,finley.garcia5230@example.com,FR,2026-01-04 03:03:48
878,Jamie,Moreau,jamie.moreau9860@example.com,FR,2026-01-12 11:06:40
879,Cameron,David,cameron.david7962@example.com,BE,2026-01-28 04:14:36
880,Avery,Robert,avery.robert487@example.com,ES,2026-01-13 13:03:14
881,Sam,Bertrand,sam.bertrand336@example.com,DE,2026-01-03 16:27:39
882,Finley,Michel,finley.michel1489@example.com,FR,2026-01-20 06:24:58
883,Kai,Petit,kai.petit8561@example.com,FR,2026-01-29 04:14:16
884,Morgan,Morel,morgan.morel2013@example.com,PT,2026-01-16 05:08:58
885,Morgan,Garcia,morgan.garcia3581@example.com,FR,2026-01-08 00:05:45
886,Noah,Bernard,noah.bernard8044@example.com,FR,2026-01-26 21:32:15
887,Morgan,Moreau,morgan.moreau2384@example.com,FR,2026-01-18 14:55:24
888,Quinn,Bernard,quinn.bernard905@example.com,DE,2026-01-12 15:14:33
889,Taylor,Vincent,taylor.vincent3882@example.com,PT,2026-01-22 11:26:11
890,Avery,Laurent,avery.laurent1488@example.com,FR,2026-01-12 10:19:52
891,Charlie,Garcia,charlie.garcia565@example.com,GB,2026-01-14 07:16:32
892,Finley,Simon,finley.simon6930@example.com,ES,2026-01-05 20:58:09
893,Quinn,Vincent,quinn.vincent5363@example.com,DE,2026-01-23 00:05:17
894,Hayden,Robert,hayden.robert60@example.com,ES,2026-01-20 10:48:17
895,Morgan,Roux,morgan.roux2141@example.com,FR,2026-01-29 20:04:44
896,Casey,Moreau,casey.moreau2852@example.com,FR,2026-01-29 18:55:07
897,Jamie,Lefevre,jamie.lefevre6192@example.com,BE,2026-01-28 16:33:11
898,Morgan,Thomas,morgan.thomas7586@example.com,FR,2026-01-10 14:59:48
899,Quinn,Moreau,quinn.moreau2455@example.com,ES,2026-01-05 07:45:50
900,Kai,Garcia,kai.garcia7443@example.com,FR,2026-01-24 23:43:31
901,Avery,Laurent,avery.laurent8106@example.com,DE,2026-01-19 13:08:52
902,Cameron,Durand,cameron.durand6863@example.com,FR,2026-01-09 18:08:46
903,Quinn,David,quinn.david4078@example.com,FR,2026-01-18 22:39:33
904,Charlie,Lefevre,charlie.lefevre3486@example.com,FR,2026-01-19 14:48:16
905,Sam,Bernard,sam.bernard5463@example.com,DE,2026-01-12 09:36:36
906,Quinn,Bernard,quinn.bernard97@example.com,GB,2026-01-13 07:31:54
907,Casey,Vincent,casey.vincent683@example.com,PT,2026-01-29 04:18:58
908,Hayden,Robert,hayden.robert1478@example.com,FR,2026-01-16 09:42:05
909,Casey,Bertrand,casey.bertrand4613@example.com,BE,2026-01-18 12:07:13
910,Avery,Roux,avery.roux5138@example.com,CH,2026-01-22 03:42:54
911,Casey,Vincent,casey.vincent7218@example.com,FR,2026-01-03 14:00:30
912,Jamie,David,jamie.david7160@example.com,FR,2026-01-06 15:10:40
913,Logan,Bertrand,logan.bertrand7509@example.com,FR,2026-01-24 22:22:23
914,Riley,Laurent,riley.laurent2969@example.com,ES,2026-01-09 04:04:40
915,Riley,Fournier,riley.fournier77@example.com,BE,2026-01-26 12:51:08
916,Jules,Petit,jules.petit5394@example.com,FR,2026-01-02 06:14:53
917,Taylor,Simon,taylor.simon2529@example.com,DE,2026-01-02 09:38:28
918,Avery,Morel,avery.morel105@example.com,GB,2026-01-16 23:48:36
919,Noah,Robert,noah.robert3473@example.com,IT,2026-01-03 08:43:08
920,Logan,Morel,logan.morel6258@example.com,GB,2026-01-05 11:49:47
921,Jordan,Martin,jordan.martin3421@example.com,DE,2026-01-08 21:50:22
922,Casey,Petit,casey.petit4901@example.com,BE,2026-01-24 19:52:33
923,Quinn,Robert,quinn.robert5892@example.com,PT,2026-01-05 15:58:40
924,Jules,Moreau,jules.moreau9235@example.com,NL,2026-01-30 03:26:51
925,Finley,Garcia,finley.garcia1532@example.com,DE,2026-01-02 23:06:49
926,Casey,Bertrand,casey.bertrand8648@example.com,PT,2026-01-31 13:29:24
927,Jules,Laurent,jules.laurent2444@example.com,FR,2026-01-07 04:53:09
928,Noah,Bernard,noah.bernard9037@example.com,ES,2026-01-04 17:10:00
929,Hayden,Fournier,hayden.fournier4161@example.com,ES,2026-01-18 06:08:17
930,Hayden,Richard,hayden.richard2995@example.com,IT,2026-01-20 01:49:42
931,Hayden,David,hayden.david4352@example.com,FR,2026-01-17 13:41:00
932,Quinn,Moreau,,FR,2026-01-22 01:24:44
933,Jules,David,jules.david6647@example.com,NL,2026-01-30 05:14:58
934,Emerson,Laurent,emerson.laurent1445@example.com,NL,2026-01-07 01:44:23
935,Riley,Martin,riley.martin3438@example.com,PT,2026-01-24 08:32:31
936,Logan,Durand,logan.durand1420@example.com,PT,2026-01-15 14:35:41
937,Casey,David,casey.david7957@example.com,FR,2026-01-23 21:19:29
938,Emerson,Bernard,emerson.bernard5479@example.com,PT,2026-01-01 09:10:27
939,Jules,Fournier,jules.fournier9772@example.com,PT,2026-01-27 21:48:41
940,Quinn,Bertrand,quinn.bertrand3809@example.com,FR,2026-01-03 22:43:33
941,Finley,Bertrand,finley.bertrand1925@example.com,PT,2026-01-25 00:28:14
942,Jamie,Laurent,jamie.laurent3159@example.com,FR,2026-01-23 18:42:17
943,Charlie,Morel,charlie.morel7685@example.com,PT,2026-01-07 08:48:38
944,Drew,Bertrand,drew.bertrand2664@example.com,FR,2026-01-31 04:29:55
945,Jamie,Durand,jamie.durand2571@example.com,GB,2026-01-30 09:44:55
946,Morgan,Durand,morgan.durand9133@example.com,FR,2026-01-03 06:48:59
947,Jamie,Roux,jamie.roux533@example.com,FR,2026-01-04 02:10:32
948,Jules,Moreau,jules.moreau5585@example.com,ES,2026-01-18 05:53:08
949,Kai,Morel,kai.morel1716@example.com,PT,2026-01-03 10:44:45
950,Taylor,Petit,taylor.petit9998@example.com,FR,2026-01-05 22:41:05
951,Riley,Michel,riley.michel2582@example.com,PT,2026-01-15 04:20:52
952,Casey,Michel,casey.michel5492@example.com,GB,2026-01-07 16:30:59
953,Alex,Dubois,alex.dubois7770@example.com,FR,2026-01-17 13:40:00
954,Finley,Michel,finley.michel4031@example.com,IT,2026-01-08 08:38:23
955,Finley,Garcia,finley.garcia6716@example.com,DE,2026-01-23 06:29:09
956,Hayden,Robert,hayden.robert172@example.com,FR,2026-01-26 02:45:17
957,Jamie,Garcia,jamie.garcia1017@example.com,DE,2026-01-20 02:11:18
958,Sam,Roux,sam.roux4855@example.com,ES,2026-01-21 08:31:33
959,Charlie,Michel,charlie.michel139@example.com,FR,2026-01-14 13:58:05
960,Riley,Vincent,riley.vincent7254@example.com,PT,2026-01-17 18:14:46
961,Cameron,Thomas,cameron.thomas615@example.com,IT,2026-01-27 02:09:19
962,Logan,Laurent,logan.laurent3511@example.com,FR,2026-01-05 12:08:33
963,Alex,Martin,alex.martin8856@example.com,FR,2026-01-29 18:19:00
964,Kai,Petit,kai.petit992@example.com,FR,2026-01-19 02:33:06
965,Taylor,David,taylor.david4891@example.com,IE,2026-01-28 18:56:07
966,Noah,Fournier,noah.fournier8747@example.com,DE,2026-01-29 21:51:53
967,Noah,Robert,noah.robert6197@example.com,ES,2026-01-26 05:27:19
968,Drew,David,drew.david1615@example.com,FR,2026-01-08 02:44:48
969,Casey,Bertrand,casey.bertrand3529@example.com,PT,2026-01-22 15:49:07
970,Emerson,Moreau,emerson.moreau9583@example.com,DE,2026-01-25 05:10:33
971,Finley,Richard,finley.richard2374@example.com,FR,2026-01-25 13:16:59
972,Kai,Petit,kai.petit3493@example.com,GB,2026-01-23 02:37:01
973,Taylor,Morel,taylor.morel6704@example.com,FR,2026-01-06 08:33:03
974,Drew,Laurent,drew.laurent6145@example.com,FR,2026-01-15 17:19:24
975,Finley,Bernard,finley.bernard5009@example.com,PT,2026-01-14 18:16:50
976,Drew,Thomas,drew.thomas742@example.com,PT,2026-01-21 06:30:37
977,Emerson,Bertrand,emerson.bertrand9933@example.com,PT,2026-01-07 10:44:03
978,Hayden,Robert,hayden.robert5338@example.com,PT,2026-01-05 08:03:34
979,Emerson,Simon,emerson.simon8873@example.com,IT,2026-01-03 05:23:01
980,Jamie,Martin,jamie.martin9381@example.com,ES,2026-01-31 14:07:49
981,Logan,Thomas,logan.thomas3162@example.com,GB,2026-01-31 00:50:32
982,Jules,Roux,jules.roux315@example.com,GB,2026-01-06 20:08:24
983,Riley,Dubois,riley.dubois9505@example.com,FR,2026-01-22 13:33:53
984,Jules,Martin,jules.martin5579@example.com,ES,2026-01-22 05:09:43
985,Jordan,Petit,jordan.petit1637@example.com,FR,2026-01-27 07:13:06
986,Cameron,Garcia,cameron.garcia2782@example.com,FR,2026-01-03 20:38:22
987,Emerson,Petit,emerson.petit5253@example.com,FR,2026-01-07 21:58:42
988,Taylor,Bernard,taylor.bernard3328@example.com,PT,2026-01-12 15:10:51
989,Emerson,Petit,emerson.petit4422@example.com,FR,2026-01-03 22:38:28
990,Morgan,Martin,morgan.martin4419@example.com,FR,2026-01-27 21:32:40
991,Casey,Laurent,casey.laurent9320@example.com,ES,2026-01-20 17:53:36
992,Casey,Michel,casey.michel8864@example.com,PT,2026-01-09 03:57:12
993,Hayden,Bernard,hayden.bernard26@example.com,DE,2026-01-23 13:21:31
994,Sam,Bertrand,sam.bertrand4487@example.com,CH,2026-01-30 00:33:59
995,Riley,Fournier,riley.fournier8371@example.com,ES,2026-01-14 15:45:05
996,Emerson,Petit,emerson.petit2298@example.com,FR,2026-01-28 00:20:42
997,Charlie,Simon,charlie.simon4292@example.com,FR,2026-01-22 23:27:17
998,Quinn,Simon,,PT,2026-01-07 11:48:06
999,Jamie,Garcia,jamie.garcia9116@example.com,IT,2026-01-24 17:41:56
1000,Jordan,Vincent,jordan.vincent517@example.com,NL,2026-01-22 14:40:06
